{
  "version": "v12",
  "trained_at": "20260625_2249",
  "train_period": "2004-2023",
  "holdout_period": "2024-2026",
  "n_train": 71872,
  "n_holdout": 6150,
  "n_features": 37,
  "mean_wf_auc": 0.9286,
  "mean_wf_bs": 0.1088,
  "holdout_auc": 0.9226,
  "holdout_bs": 0.1134,
  "wf_splits": [
    {
      "train_end": 2014,
      "val_end": 2017,
      "auc": 0.9229613286292553,
      "bs": 0.1127285804315873,
      "iters": 204
    },
    {
      "train_end": 2017,
      "val_end": 2020,
      "auc": 0.9316654976849674,
      "bs": 0.10624240744476592,
      "iters": 260
    },
    {
      "train_end": 2020,
      "val_end": 2023,
      "auc": 0.9220295646110167,
      "bs": 0.11328089940267277,
      "iters": 208
    },
    {
      "train_end": 2023,
      "val_end": 2024,
      "auc": 0.9376505472619042,
      "bs": 0.10287546808036778,
      "iters": 220
    }
  ],
  "top_features": {
    "winner_rank_a": 2352,
    "winner_rank_b": 2205,
    "winner_age_b": 1676,
    "winner_age_a": 1596,
    "pw_heat_edge": 1446,
    "pin_prob_a": 791,
    "pin_log_odds": 708,
    "pin_prob_b": 671,
    "h2h_wins_delta_3": 663,
    "b365_log_odds": 557,
    "b365_prob_w": 457,
    "wind_max_mean": 325,
    "temp_mean": 281,
    "temp_max_mean": 242,
    "surface_enc": 222,
    "humidity_mean": 189,
    "h2h_surf_winrate": 179,
    "max_prob_w": 129,
    "days_rest_a": 84,
    "days_rest_b": 82
  },
  "model_file": "lgbm_v12_20260625_2249.joblib",
  "duration_sec": 312.5,
  "hypothesis": "combo: H2H+fatigue+weather+rank_traj"
}