{
  "version": "v13",
  "trained_at": "20260626_1216",
  "train_period": "2004-2023",
  "holdout_period": "2024-2026",
  "n_train": 71872,
  "n_holdout": 6150,
  "n_features": 37,
  "mean_wf_auc": 0.9537,
  "mean_wf_bs": 0.087,
  "holdout_auc": 0.9219,
  "holdout_bs": 0.1116,
  "wf_splits": [
    {
      "train_end": 2014,
      "val_end": 2017,
      "auc": 0.9545284290359807,
      "bs": 0.08654815951770642,
      "iters": 295
    },
    {
      "train_end": 2017,
      "val_end": 2020,
      "auc": 0.9553394868131173,
      "bs": 0.08570121036626872,
      "iters": 164
    },
    {
      "train_end": 2020,
      "val_end": 2023,
      "auc": 0.9583068144712739,
      "bs": 0.08258400023196627,
      "iters": 338
    },
    {
      "train_end": 2023,
      "val_end": 2024,
      "auc": 0.9465949636721699,
      "bs": 0.0929766097761703,
      "iters": 163
    }
  ],
  "top_features": {
    "winner_rank_a": 1994,
    "winner_rank_b": 1790,
    "draw_diff_b": 1766,
    "draw_diff_a": 1736,
    "draw_diff_delta": 1484,
    "winner_age_b": 1322,
    "winner_age_a": 1272,
    "h2h_wins_delta_3": 812,
    "wind_max_mean": 338,
    "b365_prob_a": 283,
    "temp_mean": 279,
    "b365_prob_b": 258,
    "odds_consensus_b": 249,
    "pin_prob_a": 237,
    "humidity_mean": 223,
    "temp_max_mean": 221,
    "b365_log_odds_a": 205,
    "pin_prob_b": 204,
    "odds_consensus_a": 195,
    "b365_log_odds_b": 194
  },
  "model_file": "lgbm_v13_20260626_1216.joblib",
  "duration_sec": 303.6,
  "hypothesis": "+draw difficulty"
}