{
  "version": "v17",
  "trained_at": "20260626_1550",
  "train_period": "2004-2023",
  "holdout_period": "2024-2026",
  "n_train": 71872,
  "n_holdout": 6150,
  "n_features": 30,
  "mean_wf_auc": 0.9225,
  "mean_wf_bs": 0.1132,
  "holdout_auc": 0.8837,
  "holdout_bs": 0.1385,
  "wf_splits": [
    {
      "train_end": 2014,
      "val_end": 2017,
      "auc": 0.9141420327445541,
      "bs": 0.11931614211114412,
      "iters": 332
    },
    {
      "train_end": 2017,
      "val_end": 2020,
      "auc": 0.9225981538706077,
      "bs": 0.11277527942294703,
      "iters": 237
    },
    {
      "train_end": 2020,
      "val_end": 2023,
      "auc": 0.9230928754458133,
      "bs": 0.11224224022854662,
      "iters": 340
    },
    {
      "train_end": 2023,
      "val_end": 2024,
      "auc": 0.9303639928014182,
      "bs": 0.10839667585794399,
      "iters": 177
    }
  ],
  "top_features": {
    "winner_rank_a": 1894,
    "winner_rank_b": 1628,
    "winner_age_b": 1312,
    "winner_age_a": 1217,
    "pw_heat_edge": 1107,
    "mkt_avg_pin_w": 944,
    "a_1st_in_pct_a": 930,
    "a_1st_in_pct_b": 881,
    "a_1st_won_pct_b": 854,
    "a_ace_pct_b": 839,
    "a_2nd_won_pct_a": 833,
    "a_2nd_won_pct_b": 828,
    "a_ace_pct_a": 826,
    "a_1st_won_pct_a": 808,
    "h2h_wins_delta_3": 660,
    "mkt_spread_w": 528,
    "pin_prob_a": 322,
    "b365_log_odds_a": 283,
    "pin_prob_b": 275,
    "b365_log_odds_b": 249
  },
  "model_file": "lgbm_v17_20260626_1550.joblib",
  "duration_sec": 364.1,
  "hypothesis": "SHAP top-30 feature selection",
  "shap_ranking": {
    "odds_consensus_b": 0.7908887783645305,
    "odds_consensus_a": 0.7316408948044408,
    "winner_rank_b": 0.3647971522309054,
    "winner_rank_a": 0.3574663901264164,
    "mkt_avg_pin_w": 0.17415164782712336,
    "b365_log_odds_a": 0.11908819337533408,
    "pw_heat_edge": 0.11149262131167159,
    "pin_prob_a": 0.1105042011818685,
    "pin_prob_b": 0.08988118686932164,
    "mkt_spread_w": 0.08767931710648315,
    "b365_log_odds_b": 0.08498228862882033,
    "avg_prob_a": 0.07384885274161922,
    "h2h_wins_delta_3": 0.06694064090704797,
    "b365_prob_a": 0.06433602253267504,
    "b365_prob_b": 0.06181022570549375,
    "max_prob_a": 0.060452563825624236,
    "max_prob_b": 0.04661039648868462,
    "a_2nd_won_pct_b": 0.046068978175031604,
    "a_1st_won_pct_b": 0.04555026501904967,
    "a_2nd_won_pct_a": 0.040300202493687,
    "winner_age_a": 0.03971153966910423,
    "a_1st_won_pct_a": 0.03823482095537968,
    "a_ace_pct_a": 0.037220404976864435,
    "avg_prob_b": 0.03659964365519535,
    "winner_age_b": 0.0357878666976604,
    "a_1st_in_pct_a": 0.03557389340560825,
    "pin_log_odds_a": 0.030552939593109566,
    "a_1st_in_pct_b": 0.0299295169968022,
    "pin_log_odds_b": 0.021751282687335043,
    "a_ace_pct_b": 0.016224645676517723
  }
}