{
  "version": "v17",
  "trained_at": "20260626_1104",
  "train_period": "2004-2023",
  "holdout_period": "2024-2026",
  "n_train": 71872,
  "n_holdout": 6150,
  "n_features": 30,
  "mean_wf_auc": 0.9306,
  "mean_wf_bs": 0.1068,
  "holdout_auc": 0.9194,
  "holdout_bs": 0.1148,
  "wf_splits": [
    {
      "train_end": 2014,
      "val_end": 2017,
      "auc": 0.9265154347661645,
      "bs": 0.10973337763181969,
      "iters": 204
    },
    {
      "train_end": 2017,
      "val_end": 2020,
      "auc": 0.9313173401824337,
      "bs": 0.1060772552162317,
      "iters": 115
    },
    {
      "train_end": 2020,
      "val_end": 2023,
      "auc": 0.9268263622657082,
      "bs": 0.10909706706548043,
      "iters": 275
    },
    {
      "train_end": 2023,
      "val_end": 2024,
      "auc": 0.9378774008297125,
      "bs": 0.10224868372914482,
      "iters": 128
    }
  ],
  "top_features": {
    "winner_rank_a": 1347,
    "winner_rank_b": 1300,
    "pw_heat_edge": 954,
    "winner_age_b": 810,
    "winner_age_a": 665,
    "h2h_wins_delta_3": 552,
    "a_1st_won_pct_b": 499,
    "a_1st_in_pct_a": 488,
    "a_ace_pct_a": 462,
    "a_1st_in_pct_b": 459,
    "a_2nd_won_pct_a": 456,
    "a_1st_won_pct_a": 456,
    "a_2nd_won_pct_b": 455,
    "a_df_pct_b": 443,
    "a_ace_pct_b": 422,
    "a_df_pct_a": 419,
    "b365_log_odds_a": 334,
    "b365_log_odds_b": 316,
    "b365_prob_a": 259,
    "mkt_avg_pin_w": 230
  },
  "model_file": "lgbm_v17_20260626_1104.joblib",
  "duration_sec": 269.8,
  "hypothesis": "SHAP top-30 feature selection",
  "shap_ranking": {
    "b365_log_odds_a": 0.7601004766468693,
    "b365_log_odds_b": 0.7345825786257867,
    "odds_consensus_a": 0.6676889561091918,
    "odds_consensus_b": 0.6316849898766954,
    "pin_log_odds_b": 0.3377006570911671,
    "b365_prob_b": 0.3024113869699156,
    "winner_rank_b": 0.29735305075343627,
    "winner_rank_a": 0.2918841859361042,
    "b365_prob_a": 0.25095003789045056,
    "pin_log_odds_a": 0.20385110342748347,
    "pin_prob_b": 0.15217111715716614,
    "mkt_avg_pin_w": 0.12968860025155396,
    "pin_prob_a": 0.11871042249746536,
    "pw_heat_edge": 0.08467304281485004,
    "mkt_spread_w": 0.04715355958509196,
    "h2h_wins_delta_3": 0.045581313590119736,
    "a_2nd_won_pct_b": 0.03964187644378024,
    "a_1st_won_pct_b": 0.03769306559224086,
    "a_ace_pct_a": 0.03760832094218438,
    "a_2nd_won_pct_a": 0.03454062512252702,
    "winner_age_a": 0.03135923984003262,
    "a_1st_in_pct_a": 0.03106741735343224,
    "mkt_consensus_std": 0.029775432131741702,
    "a_1st_won_pct_a": 0.029160200882641454,
    "winner_age_b": 0.027300852689049627,
    "a_1st_in_pct_b": 0.026042970791090546,
    "a_ace_pct_b": 0.012017564020261301,
    "max_prob_a": 0.011828607620159545,
    "a_df_pct_a": 0.010274433127571007,
    "a_df_pct_b": 0.008233840620627408
  }
}