{
  "version": "v17",
  "trained_at": "20260626_0920",
  "train_period": "2004-2023",
  "holdout_period": "2024-2026",
  "n_train": 71872,
  "n_holdout": 6150,
  "n_features": 30,
  "mean_wf_auc": 0.927,
  "mean_wf_bs": 0.1103,
  "holdout_auc": 0.9167,
  "holdout_bs": 0.1172,
  "wf_splits": [
    {
      "train_end": 2014,
      "val_end": 2017,
      "auc": 0.9222436901714604,
      "bs": 0.11366799673014075,
      "iters": 185
    },
    {
      "train_end": 2017,
      "val_end": 2020,
      "auc": 0.9259752576103806,
      "bs": 0.11071928113559563,
      "iters": 225
    },
    {
      "train_end": 2020,
      "val_end": 2023,
      "auc": 0.9247386393194938,
      "bs": 0.11105083915678746,
      "iters": 352
    },
    {
      "train_end": 2023,
      "val_end": 2024,
      "auc": 0.9349631362952311,
      "bs": 0.10563623321950673,
      "iters": 161
    }
  ],
  "top_features": {
    "winner_rank_a": 1635,
    "winner_rank_b": 1572,
    "pw_heat_edge": 1033,
    "winner_age_b": 959,
    "winner_age_a": 879,
    "a_1st_won_pct_b": 663,
    "pin_prob_a": 607,
    "a_1st_in_pct_b": 604,
    "a_1st_won_pct_a": 591,
    "a_2nd_won_pct_b": 590,
    "a_ace_pct_b": 582,
    "a_2nd_won_pct_a": 579,
    "a_1st_in_pct_a": 569,
    "a_df_pct_b": 554,
    "pin_prob_b": 541,
    "a_ace_pct_a": 532,
    "a_df_pct_a": 518,
    "h2h_wins_delta_3": 507,
    "b365_log_odds": 491,
    "pin_log_odds": 466
  },
  "model_file": "lgbm_v17_20260626_0920.joblib",
  "duration_sec": 312.2,
  "hypothesis": "SHAP top-30 feature selection",
  "shap_ranking": {
    "pin_prob_a": 0.9209986773495202,
    "pin_prob_b": 0.8219071158278995,
    "pin_log_odds": 0.4702057210904285,
    "winner_rank_a": 0.39477169924205485,
    "winner_rank_b": 0.39063316207507276,
    "b365_log_odds": 0.14487752950521054,
    "b365_prob_w": 0.13710925565946078,
    "pw_heat_edge": 0.10875813942494843,
    "max_prob_w": 0.10695285739324449,
    "avg_prob_w": 0.07368061597129154,
    "h2h_wins_delta_3": 0.05292859294394173,
    "a_2nd_won_pct_b": 0.05075135407619201,
    "a_2nd_won_pct_a": 0.0494134741585628,
    "a_1st_won_pct_b": 0.04826595273809337,
    "a_ace_pct_a": 0.047731477017755874,
    "mkt_avg_pin_w": 0.0476586371860232,
    "winner_age_a": 0.04697331167971184,
    "a_1st_in_pct_a": 0.04641747057209258,
    "winner_age_b": 0.04200519019160743,
    "a_1st_won_pct_a": 0.040666294356271664,
    "a_1st_in_pct_b": 0.033862366520718265,
    "mkt_spread_w": 0.028549633437340266,
    "a_ace_pct_b": 0.01992495925264979,
    "a_df_pct_b": 0.016939958653423588,
    "a_df_pct_a": 0.01658038607013211,
    "surface_enc": 0.01015819915102306,
    "mkt_consensus_std": 0.007548447572898925,
    "a_break_pct_b": 0.007503498300718691,
    "wind_max_mean": 0.006809397106097768,
    "a_hold_pct_a": 0.006615943581872727
  }
}