{
  "version": "v17",
  "trained_at": "20260626_1725",
  "train_period": "2004-2023",
  "holdout_period": "2024-2026",
  "n_train": 71872,
  "n_holdout": 6150,
  "n_features": 30,
  "mean_wf_auc": 0.9205,
  "mean_wf_bs": 0.1145,
  "holdout_auc": 0.8844,
  "holdout_bs": 0.1383,
  "wf_splits": [
    {
      "train_end": 2014,
      "val_end": 2017,
      "auc": 0.9077937381239517,
      "bs": 0.12347508073086355,
      "iters": 550
    },
    {
      "train_end": 2017,
      "val_end": 2020,
      "auc": 0.9219614451818443,
      "bs": 0.11333173372573918,
      "iters": 207
    },
    {
      "train_end": 2020,
      "val_end": 2023,
      "auc": 0.9217978325821083,
      "bs": 0.11326274994265995,
      "iters": 182
    },
    {
      "train_end": 2023,
      "val_end": 2024,
      "auc": 0.9305653923271692,
      "bs": 0.10797766532224744,
      "iters": 268
    }
  ],
  "top_features": {
    "winner_rank_a": 1997,
    "winner_rank_b": 1713,
    "winner_age_b": 1550,
    "winner_age_a": 1409,
    "pw_heat_edge": 1198,
    "a_1st_in_pct_b": 1088,
    "a_1st_won_pct_b": 1087,
    "a_1st_in_pct_a": 1070,
    "a_2nd_won_pct_b": 1045,
    "mkt_avg_pin_w": 1045,
    "a_ace_pct_a": 1029,
    "a_ace_pct_b": 1006,
    "a_1st_won_pct_a": 932,
    "a_2nd_won_pct_a": 883,
    "mkt_spread_w": 643,
    "pin_prob_b": 350,
    "pin_prob_a": 295,
    "b365_log_odds_b": 278,
    "h2h_wins_delta_3_a": 263,
    "b365_log_odds_a": 260
  },
  "model_file": "lgbm_v17_20260626_1725.joblib",
  "duration_sec": 368.9,
  "hypothesis": "SHAP top-30 feature selection",
  "shap_ranking": {
    "odds_consensus_b": 0.8285518109247944,
    "odds_consensus_a": 0.7567164731060045,
    "winner_rank_b": 0.3618782781952518,
    "winner_rank_a": 0.3544671980009389,
    "mkt_avg_pin_w": 0.19956342302981506,
    "pw_heat_edge": 0.1310563231108094,
    "b365_log_odds_b": 0.11400070630011176,
    "b365_log_odds_a": 0.11250917101647796,
    "pin_prob_b": 0.09541557007648781,
    "mkt_spread_w": 0.09026009943903322,
    "pin_prob_a": 0.08415542168817652,
    "max_prob_a": 0.07785963028562681,
    "b365_prob_b": 0.06457593622583821,
    "b365_prob_a": 0.06147896033036061,
    "avg_prob_b": 0.056251278371055854,
    "avg_prob_a": 0.05265508469969469,
    "a_1st_won_pct_b": 0.04859899055119956,
    "winner_age_a": 0.04624305789315316,
    "a_2nd_won_pct_b": 0.04504571974617408,
    "a_1st_won_pct_a": 0.04461181263220936,
    "a_1st_in_pct_a": 0.04376801662016756,
    "a_2nd_won_pct_a": 0.043353777250624156,
    "winner_age_b": 0.0409860586842785,
    "pin_log_odds_b": 0.037733836073081575,
    "max_prob_b": 0.03661992041470276,
    "a_ace_pct_a": 0.0350043835361615,
    "a_1st_in_pct_b": 0.03318340397869555,
    "pin_log_odds_a": 0.032007382414398614,
    "h2h_wins_delta_3_a": 0.02908778912060464,
    "a_ace_pct_b": 0.01902466837892283
  }
}