{
  "version": "v12",
  "trained_at": "20260626_1211",
  "train_period": "2004-2023",
  "holdout_period": "2024-2026",
  "n_train": 71872,
  "n_holdout": 6150,
  "n_features": 43,
  "mean_wf_auc": 0.9144,
  "mean_wf_bs": 0.1189,
  "holdout_auc": 0.8707,
  "holdout_bs": 0.1453,
  "wf_splits": [
    {
      "train_end": 2014,
      "val_end": 2017,
      "auc": 0.9036734102455707,
      "bs": 0.12619401992476487,
      "iters": 345
    },
    {
      "train_end": 2017,
      "val_end": 2020,
      "auc": 0.9143602778808011,
      "bs": 0.118739769198718,
      "iters": 249
    },
    {
      "train_end": 2020,
      "val_end": 2023,
      "auc": 0.9141864118536743,
      "bs": 0.11851438627425806,
      "iters": 249
    },
    {
      "train_end": 2023,
      "val_end": 2024,
      "auc": 0.9254290345773065,
      "bs": 0.11203914989655185,
      "iters": 157
    }
  ],
  "top_features": {
    "winner_rank_b": 2513,
    "winner_rank_a": 2276,
    "winner_age_b": 2098,
    "winner_age_a": 1871,
    "pw_heat_edge": 1481,
    "h2h_wins_delta_3": 1005,
    "b365_prob_a": 502,
    "pin_prob_a": 390,
    "wind_max_mean": 375,
    "b365_prob_b": 360,
    "b365_log_odds_a": 349,
    "b365_log_odds_b": 318,
    "pin_prob_b": 309,
    "temp_mean": 302,
    "temp_max_mean": 293,
    "humidity_mean": 268,
    "surface_enc": 267,
    "odds_consensus_b": 252,
    "h2h_surf_winrate": 244,
    "pin_log_odds_a": 210
  },
  "model_file": "lgbm_v12_20260626_1211.joblib",
  "duration_sec": 309.8,
  "hypothesis": "combo: H2H+fatigue+weather+rank_traj"
}